{
  "2": {
    "capital": 0.5710989832878113,
    "language": 0.5491455793380737
  },
  "4": {
    "capital": 0.6990839838981628,
    "language": 0.6499963998794556
  },
  "6": {
    "capital": 0.6817134618759155,
    "language": 0.7191205620765686
  },
  "8": {
    "capital": 0.2583668529987335,
    "language": 0.1971805840730667
  },
  "10": {
    "capital": 0.35465359687805176,
    "language": 0.3572499454021454
  },
  "12": {
    "capital": 0.37496218085289,
    "language": 0.4195537567138672
  },
  "14": {
    "capital": 0.5887212753295898,
    "language": 0.6272622346878052
  },
  "16": {
    "capital": 0.7414047122001648,
    "language": 0.7287680506706238
  },
  "18": {
    "capital": 0.7799778580665588,
    "language": 0.7838020324707031
  },
  "20": {
    "capital": 0.7664526104927063,
    "language": 0.7623106241226196
  },
  "22": {
    "capital": 0.7665550112724304,
    "language": 0.7611507177352905
  },
  "24": {
    "capital": 0.8770250678062439,
    "language": 0.8774243593215942
  },
  "28": {
    "capital": 0.893539547920227,
    "language": 0.9062377214431763
  },
  "32": {
    "capital": 0.6509433388710022,
    "language": 0.8219655752182007
  }
}