{
  "layer": "L17",
  "fact_id": "cfb-v3-001",
  "consistency": {
    "values": [
      0.0015137169975787401,
      0.0013656116789206862,
      0.15968650579452515
    ],
    "max": 0.15968650579452515,
    "threshold": 0.5,
    "pass": false
  },
  "generalization": {
    "values": [
      7.139068003425564e-09,
      1.6448275630409626e-08,
      2.574924273801571e-08
    ],
    "max": 2.574924273801571e-08,
    "threshold": 0.3,
    "pass": false
  },
  "specificity": {
    "max_drift": 0.0,
    "threshold": 0.05,
    "n_top_1_changes": 0,
    "pass": false
  },
  "unmount": {
    "drift": 0.0,
    "threshold": 0.0001,
    "pass": true
  },
  "corridor_pass": false,
  "pathology": [
    "GRACE-DISCRIMINATOR-NARROW",
    "GENERALIZATION-FAIL",
    "SPECIFICITY-BLEED"
  ],
  "deltas": {
    "p-cfb-v3-001-cons-1": {
      "category": "consistency",
      "linked_fact_id": "cfb-v3-001",
      "p_top_1_pre": 0.23543697595596313,
      "p_top_1_post": 0.23543697595596313,
      "p_top_1_drift": 0.0,
      "top_1_token_id_pre": 279,
      "top_1_token_id_post": 279,
      "top_1_changed": false,
      "p_target_new_pre": 0.0015137169975787401,
      "p_target_new_post": 0.0015137169975787401,
      "p_target_new_lift": 0.0
    },
    "p-cfb-v3-001-cons-2": {
      "category": "consistency",
      "linked_fact_id": "cfb-v3-001",
      "p_top_1_pre": 0.2074810415506363,
      "p_top_1_post": 0.2074810415506363,
      "p_top_1_drift": 0.0,
      "top_1_token_id_pre": 279,
      "top_1_token_id_post": 279,
      "top_1_changed": false,
      "p_target_new_pre": 0.0013656116789206862,
      "p_target_new_post": 0.0013656116789206862,
      "p_target_new_lift": 0.0
    },
    "p-cfb-v3-001-cons-3": {
      "category": "consistency",
      "linked_fact_id": "cfb-v3-001",
      "p_top_1_pre": 0.15968650579452515,
      "p_top_1_post": 0.15968650579452515,
      "p_top_1_drift": 0.0,
      "top_1_token_id_pre": 17418,
      "top_1_token_id_post": 17418,
      "top_1_changed": false,
      "p_target_new_pre": 0.15968650579452515,
      "p_target_new_post": 0.15968650579452515,
      "p_target_new_lift": 0.0
    },
    "p-cfb-v3-001-gen-1": {
      "category": "generalization",
      "linked_fact_id": "cfb-v3-001",
      "p_top_1_pre": 0.8904021978378296,
      "p_top_1_post": 0.8904021978378296,
      "p_top_1_drift": 0.0,
      "top_1_token_id_pre": 53449,
      "top_1_token_id_post": 53449,
      "top_1_changed": false,
      "p_target_new_pre": 7.139068003425564e-09,
      "p_target_new_post": 7.139068003425564e-09,
      "p_target_new_lift": 0.0
    },
    "p-cfb-v3-001-gen-2": {
      "category": "generalization",
      "linked_fact_id": "cfb-v3-001",
      "p_top_1_pre": 0.6692745685577393,
      "p_top_1_post": 0.6692745685577393,
      "p_top_1_drift": 0.0,
      "top_1_token_id_pre": 220,
      "top_1_token_id_post": 220,
      "top_1_changed": false,
      "p_target_new_pre": 1.6448275630409626e-08,
      "p_target_new_post": 1.6448275630409626e-08,
      "p_target_new_lift": 0.0
    },
    "p-cfb-v3-001-gen-3": {
      "category": "generalization",
      "linked_fact_id": "cfb-v3-001",
      "p_top_1_pre": 0.9264242053031921,
      "p_top_1_post": 0.9264242053031921,
      "p_top_1_drift": 0.0,
      "top_1_token_id_pre": 21272,
      "top_1_token_id_post": 21272,
      "top_1_changed": false,
      "p_target_new_pre": 2.574924273801571e-08,
      "p_target_new_post": 2.574924273801571e-08,
      "p_target_new_lift": 0.0
    },
    "p-cfb-v3-001-unmount-1": {
      "category": "unmount",
      "linked_fact_id": "cfb-v3-001",
      "p_top_1_pre": 0.15342579782009125,
      "p_top_1_post": 0.15342579782009125,
      "p_top_1_drift": 0.0,
      "top_1_token_id_pre": 279,
      "top_1_token_id_post": 279,
      "top_1_changed": false,
      "p_target_new_pre": 0.0004696133837569505,
      "p_target_new_post": 0.0004696133837569505,
      "p_target_new_lift": 0.0
    },
    "p-cfb-v3-002-cons-1": {
      "category": "consistency",
      "linked_fact_id": "cfb-v3-002",
      "p_top_1_pre": 0.25454962253570557,
      "p_top_1_post": 0.25454962253570557,
      "p_top_1_drift": 0.0,
      "top_1_token_id_pre": 813,
      "top_1_token_id_post": 813,
      "top_1_changed": false,
      "p_target_new_pre": 0.003574662609025836,
      "p_target_new_post": 0.003574662609025836,
      "p_target_new_lift": 0.0
    },
    "p-cfb-v3-002-cons-2": {
      "category": "consistency",
      "linked_fact_id": "cfb-v3-002",
      "p_top_1_pre": 0.21560777723789215,
      "p_top_1_post": 0.21560777723789215,
      "p_top_1_drift": 0.0,
      "top_1_token_id_pre": 264,
      "top_1_token_id_post": 264,
      "top_1_changed": false,
      "p_target_new_pre": 1.3247399692772888e-06,
      "p_target_new_post": 1.3247399692772888e-06,
      "p_target_new_lift": 0.0
    },
    "p-cfb-v3-002-cons-3": {
      "category": "consistency",
      "linked_fact_id": "cfb-v3-002",
      "p_top_1_pre": 0.19863949716091156,
      "p_top_1_post": 0.19863949716091156,
      "p_top_1_drift": 0.0,
      "top_1_token_id_pre": 27374,
      "top_1_token_id_post": 27374,
      "top_1_changed": false,
      "p_target_new_pre": 0.19863949716091156,
      "p_target_new_post": 0.19863949716091156,
      "p_target_new_lift": 0.0
    },
    "p-cfb-v3-002-gen-1": {
      "category": "generalization",
      "linked_fact_id": "cfb-v3-002",
      "p_top_1_pre": 0.5900081992149353,
      "p_top_1_post": 0.5900081992149353,
      "p_top_1_drift": 0.0,
      "top_1_token_id_pre": 7188,
      "top_1_token_id_post": 7188,
      "top_1_changed": false,
      "p_target_new_pre": 1.126248250216122e-08,
      "p_target_new_post": 1.126248250216122e-08,
      "p_target_new_lift": 0.0
    },
    "p-cfb-v3-002-gen-2": {
      "category": "generalization",
      "linked_fact_id": "cfb-v3-002",
      "p_top_1_pre": 0.933485746383667,
      "p_top_1_post": 0.933485746383667,
      "p_top_1_drift": 0.0,
      "top_1_token_id_pre": 31788,
      "top_1_token_id_post": 31788,
      "top_1_changed": false,
      "p_target_new_pre": 2.0361827779424857e-09,
      "p_target_new_post": 2.0361827779424857e-09,
      "p_target_new_lift": 0.0
    },
    "p-cfb-v3-002-gen-3": {
      "category": "generalization",
      "linked_fact_id": "cfb-v3-002",
      "p_top_1_pre": 0.5892252326011658,
      "p_top_1_post": 0.5892252326011658,
      "p_top_1_drift": 0.0,
      "top_1_token_id_pre": 3778,
      "top_1_token_id_post": 3778,
      "top_1_changed": false,
      "p_target_new_pre": 1.34845636878822e-08,
      "p_target_new_post": 1.34845636878822e-08,
      "p_target_new_lift": 0.0
    },
    "p-cfb-v3-002-unmount-1": {
      "category": "unmount",
      "linked_fact_id": "cfb-v3-002",
      "p_top_1_pre": 0.24654468894004822,
      "p_top_1_post": 0.24654468894004822,
      "p_top_1_drift": 0.0,
      "top_1_token_id_pre": 813,
      "top_1_token_id_post": 813,
      "top_1_changed": false,
      "p_target_new_pre": 0.0002587658236734569,
      "p_target_new_post": 0.0002587658236734569,
      "p_target_new_lift": 0.0
    },
    "p-cfb-v3-003-cons-1": {
      "category": "consistency",
      "linked_fact_id": "cfb-v3-003",
      "p_top_1_pre": 0.2019984871149063,
      "p_top_1_post": 0.2019984871149063,
      "p_top_1_drift": 0.0,
      "top_1_token_id_pre": 279,
      "top_1_token_id_post": 279,
      "top_1_changed": false,
      "p_target_new_pre": 0.000906658242456615,
      "p_target_new_post": 0.000906658242456615,
      "p_target_new_lift": 0.0
    },
    "p-cfb-v3-003-cons-2": {
      "category": "consistency",
      "linked_fact_id": "cfb-v3-003",
      "p_top_1_pre": 0.2058108001947403,
      "p_top_1_post": 0.2058108001947403,
      "p_top_1_drift": 0.0,
      "top_1_token_id_pre": 279,
      "top_1_token_id_post": 279,
      "top_1_changed": false,
      "p_target_new_pre": 0.0004906102549284697,
      "p_target_new_post": 0.0004906102549284697,
      "p_target_new_lift": 0.0
    },